timestamp_unix,timestamp_utc,field,value
1783165898.969589,2026-07-04T13:51:38Z,temperature_c,19.6
1783165898.9725592,2026-07-04T13:51:38Z,humidity_rel,50.7
1783165898.973015,2026-07-04T13:51:38Z,pressure_hpa,1017.4
1783165898.993799,2026-07-04T13:51:38Z,calibrated,0.242
1783165898.994549,2026-07-04T13:51:38Z,raw_adc,49827
1783165898.9954188,2026-07-04T13:51:38Z,wind_speed,17.8
1783165898.995758,2026-07-04T13:51:38Z,light_lux,44220.9
1783165904.115646,2026-07-04T13:51:44Z,temperature_c,19.7
1783165904.2321799,2026-07-04T13:51:44Z,humidity_rel,51
1783165904.363913,2026-07-04T13:51:44Z,pressure_hpa,1017.1
1783165904.3645282,2026-07-04T13:51:44Z,calibrated,0.242
1783165904.364921,2026-07-04T13:51:44Z,wind_speed,19.1
1783165904.365054,2026-07-04T13:51:44Z,light_lux,45439.1
1783165909.469818,2026-07-04T13:51:49Z,temperature_c,19.6
1783165909.47087,2026-07-04T13:51:49Z,humidity_rel,51.9
1783165909.472026,2026-07-04T13:51:49Z,pressure_hpa,1016.6
1783165909.575843,2026-07-04T13:51:49Z,calibrated,0.242
1783165909.727113,2026-07-04T13:51:49Z,wind_speed,12.6
1783165909.9170089,2026-07-04T13:51:49Z,light_lux,43320.0
1783165914.16118,2026-07-04T13:51:54Z,temperature_c,19.7
1783165914.334599,2026-07-04T13:51:54Z,humidity_rel,51
1783165914.4833229,2026-07-04T13:51:54Z,pressure_hpa,1017.1
1783165914.4845812,2026-07-04T13:51:54Z,calibrated,0.242
1783165914.485429,2026-07-04T13:51:54Z,wind_speed,17.8
1783165914.640926,2026-07-04T13:51:54Z,light_lux,43320.0
1783165918.9886441,2026-07-04T13:51:58Z,temperature_c,19.5
1783165918.9896598,2026-07-04T13:51:58Z,humidity_rel,51.8
1783165918.9906602,2026-07-04T13:51:58Z,pressure_hpa,1017.4
1783165919.003314,2026-07-04T13:51:59Z,calibrated,0.238
1783165919.004003,2026-07-04T13:51:59Z,raw_adc,50375
1783165919.00444,2026-07-04T13:51:59Z,wind_speed,17.8
1783165919.004738,2026-07-04T13:51:59Z,light_lux,42776.0
1783165924.141972,2026-07-04T13:52:04Z,temperature_c,19.7
1783165924.294179,2026-07-04T13:52:04Z,humidity_rel,51
1783165924.459446,2026-07-04T13:52:04Z,pressure_hpa,1017.1
1783165924.460474,2026-07-04T13:52:04Z,calibrated,0.232
1783165924.46101,2026-07-04T13:52:04Z,raw_adc,49909
1783165924.461536,2026-07-04T13:52:04Z,wind_speed,18.3
1783165924.6235058,2026-07-04T13:52:04Z,light_lux,43320.0
1783165929.171536,2026-07-04T13:52:09Z,temperature_c,19.7
1783165929.3329542,2026-07-04T13:52:09Z,humidity_rel,51
1783165929.475871,2026-07-04T13:52:09Z,pressure_hpa,1017.1
1783165929.476887,2026-07-04T13:52:09Z,calibrated,0.232
1783165929.4775171,2026-07-04T13:52:09Z,raw_adc,50335
1783165929.478132,2026-07-04T13:52:09Z,wind_speed,18.3
1783165929.6332679,2026-07-04T13:52:09Z,light_lux,43320.0
1783165934.1610188,2026-07-04T13:52:14Z,temperature_c,19.7
1783165934.314462,2026-07-04T13:52:14Z,humidity_rel,51
1783165934.444575,2026-07-04T13:52:14Z,pressure_hpa,1017.1
1783165934.4451368,2026-07-04T13:52:14Z,calibrated,0.226
1783165934.445365,2026-07-04T13:52:14Z,raw_adc,50603
1783165934.445715,2026-07-04T13:52:14Z,wind_speed,19.3
1783165934.446,2026-07-04T13:52:14Z,light_lux,43772.7
1783165939.008676,2026-07-04T13:52:19Z,temperature_c,20.0
1783165939.0095391,2026-07-04T13:52:19Z,humidity_rel,51.5
1783165939.010272,2026-07-04T13:52:19Z,pressure_hpa,1017.2
1783165939.023859,2026-07-04T13:52:19Z,calibrated,0.241
1783165939.024286,2026-07-04T13:52:19Z,raw_adc,49513
1783165939.0245628,2026-07-04T13:52:19Z,wind_speed,19.8
1783165939.024739,2026-07-04T13:52:19Z,light_lux,42664.5
1783165944.02302,2026-07-04T13:52:24Z,temperature_c,19.4
1783165944.024253,2026-07-04T13:52:24Z,humidity_rel,51.7
1783165944.0252512,2026-07-04T13:52:24Z,pressure_hpa,1017.0
1783165944.0411131,2026-07-04T13:52:24Z,calibrated,0.241
1783165944.1872299,2026-07-04T13:52:24Z,wind_speed,12.6
1783165944.187679,2026-07-04T13:52:24Z,light_lux,41849.1
1783165949.028935,2026-07-04T13:52:29Z,temperature_c,19.6
1783165949.029546,2026-07-04T13:52:29Z,humidity_rel,50.6
1783165949.030276,2026-07-04T13:52:29Z,pressure_hpa,1017.3
1783165949.044998,2026-07-04T13:52:29Z,calibrated,0.231
1783165949.0453582,2026-07-04T13:52:29Z,raw_adc,50017
1783165949.045718,2026-07-04T13:52:29Z,wind_speed,18.4
1783165949.0459049,2026-07-04T13:52:29Z,light_lux,44386.8
1783165954.027605,2026-07-04T13:52:34Z,temperature_c,19.6
1783165954.0286741,2026-07-04T13:52:34Z,humidity_rel,51.9
1783165954.0296478,2026-07-04T13:52:34Z,pressure_hpa,1016.9
1783165954.046752,2026-07-04T13:52:34Z,calibrated,0.236
1783165954.0472581,2026-07-04T13:52:34Z,raw_adc,50226
1783165954.047613,2026-07-04T13:52:34Z,wind_speed,19.0
1783165954.047822,2026-07-04T13:52:34Z,light_lux,43172.7
1783165959.032474,2026-07-04T13:52:39Z,temperature_c,19.8
1783165959.033456,2026-07-04T13:52:39Z,humidity_rel,50.8
1783165959.0340722,2026-07-04T13:52:39Z,pressure_hpa,1016.9
1783165959.050565,2026-07-04T13:52:39Z,calibrated,0.236
1783165959.193411,2026-07-04T13:52:39Z,wind_speed,12.6
1783165959.1946208,2026-07-04T13:52:39Z,light_lux,42658.7
1783165964.209368,2026-07-04T13:52:44Z,temperature_c,19.7
1783165964.359263,2026-07-04T13:52:44Z,humidity_rel,51
1783165964.496403,2026-07-04T13:52:44Z,pressure_hpa,1017.1
1783165964.497503,2026-07-04T13:52:44Z,calibrated,0.242
1783165964.498123,2026-07-04T13:52:44Z,raw_adc,50075
1783165964.498724,2026-07-04T13:52:44Z,wind_speed,19.0
1783165964.4992971,2026-07-04T13:52:44Z,light_lux,42071.7
1783165969.232424,2026-07-04T13:52:49Z,temperature_c,19.7
1783165969.380946,2026-07-04T13:52:49Z,humidity_rel,51
1783165974.414005,2026-07-04T13:52:54Z,calibrated,0.24
1783165974.4149911,2026-07-04T13:52:54Z,raw_adc,49940
1783165974.416245,2026-07-04T13:52:54Z,wind_speed,18.3
1783165974.595099,2026-07-04T13:52:54Z,light_lux,43320.0
1783165974.778021,2026-07-04T13:52:54Z,temperature_c,19.7
1783165974.917834,2026-07-04T13:52:54Z,humidity_rel,51
1783165975.0643442,2026-07-04T13:52:55Z,pressure_hpa,1017.1
1783165975.06516,2026-07-04T13:52:55Z,calibrated,0.238
1783165975.065624,2026-07-04T13:52:55Z,raw_adc,50000
1783165975.0660129,2026-07-04T13:52:55Z,wind_speed,19.6
1783165975.066436,2026-07-04T13:52:55Z,light_lux,43607.4
1783165979.229954,2026-07-04T13:52:59Z,temperature_c,19.7
1783165979.40703,2026-07-04T13:52:59Z,humidity_rel,51
1783165984.436673,2026-07-04T13:53:04Z,calibrated,0.228
1783165984.4379551,2026-07-04T13:53:04Z,raw_adc,50615
1783165984.439289,2026-07-04T13:53:04Z,wind_speed,18.6
1783165984.4400818,2026-07-04T13:53:04Z,light_lux,42835.6
1783165984.4408078,2026-07-04T13:53:04Z,temperature_c,19.9
1783165984.44134,2026-07-04T13:53:04Z,humidity_rel,51.3
1783165984.441819,2026-07-04T13:53:04Z,pressure_hpa,1016.9
1783165984.442374,2026-07-04T13:53:04Z,calibrated,0.24
1783165984.4435022,2026-07-04T13:53:04Z,raw_adc,49995
1783165984.444522,2026-07-04T13:53:04Z,wind_speed,19.1
1783165986.574281,2026-07-04T13:53:06Z,light_lux,43320.0
1783179602.52645,2026-07-04T17:40:02Z,temperature_c,16.7
1783179602.5281432,2026-07-04T17:40:02Z,humidity_rel,73.7
1783179602.528693,2026-07-04T17:40:02Z,pressure_hpa,1016.8
1783179602.545536,2026-07-04T17:40:02Z,light_lux,19942.5
1783179602.546151,2026-07-04T17:40:02Z,calibrated,0.244
1783179602.546305,2026-07-04T17:40:02Z,raw_adc,49783
1783179602.7473621,2026-07-04T17:40:02Z,wind_speed,9.8
1783179607.693315,2026-07-04T17:40:07Z,temperature_c,16.9
1783179607.854021,2026-07-04T17:40:07Z,humidity_rel,74
1783179607.972634,2026-07-04T17:40:07Z,pressure_hpa,1016.6
1783179607.973689,2026-07-04T17:40:07Z,light_lux,19289.7
1783179607.974294,2026-07-04T17:40:07Z,calibrated,0.238
1783179607.9744809,2026-07-04T17:40:07Z,raw_adc,50088
1783179608.138092,2026-07-04T17:40:08Z,wind_speed,9.8
1783179612.9514701,2026-07-04T17:40:12Z,temperature_c,16.9
1783179613.074626,2026-07-04T17:40:13Z,humidity_rel,74
1783179613.206521,2026-07-04T17:40:13Z,pressure_hpa,1016.6
1783179613.207396,2026-07-04T17:40:13Z,light_lux,20602.0
1783179613.208102,2026-07-04T17:40:13Z,wind_speed,14.2
1783179613.208582,2026-07-04T17:40:13Z,calibrated,0.238
1783179617.998247,2026-07-04T17:40:17Z,light_lux,21249.5
1783179617.999228,2026-07-04T17:40:17Z,calibrated,0.237
1783179617.9999418,2026-07-04T17:40:17Z,raw_adc,50192
1783179622.692039,2026-07-04T17:40:22Z,temperature_c,17.2
1783179622.693085,2026-07-04T17:40:22Z,humidity_rel,73.6
1783179622.693981,2026-07-04T17:40:22Z,pressure_hpa,1016.9
1783179622.69435,2026-07-04T17:40:22Z,light_lux,19968.3
1783179622.6946402,2026-07-04T17:40:22Z,wind_speed,14.9
1783179622.694874,2026-07-04T17:40:22Z,calibrated,0.237
1783179627.9669518,2026-07-04T17:40:27Z,temperature_c,17.0
1783179627.9681642,2026-07-04T17:40:27Z,humidity_rel,74.6
1783179627.9691079,2026-07-04T17:40:27Z,pressure_hpa,1016.8
1783179627.970017,2026-07-04T17:40:27Z,light_lux,20289.7
1783179627.97085,2026-07-04T17:40:27Z,calibrated,0.237
1783179627.9716852,2026-07-04T17:40:27Z,wind_speed,13.8
1783179632.546944,2026-07-04T17:40:32Z,temperature_c,16.8
1783179632.547233,2026-07-04T17:40:32Z,humidity_rel,74.7
1783179632.547609,2026-07-04T17:40:32Z,pressure_hpa,1016.3
1783179632.730842,2026-07-04T17:40:32Z,light_lux,20280.0
1783179632.864874,2026-07-04T17:40:32Z,wind_speed,9.8
1783179632.86597,2026-07-04T17:40:32Z,calibrated,0.238
1783179632.8664372,2026-07-04T17:40:32Z,raw_adc,49491
1783179637.549475,2026-07-04T17:40:37Z,temperature_c,16.7
1783179637.549715,2026-07-04T17:40:37Z,humidity_rel,74.4
1783179637.5498052,2026-07-04T17:40:37Z,pressure_hpa,1016.9
1783179637.695808,2026-07-04T17:40:37Z,light_lux,20280.0
1783179637.874091,2026-07-04T17:40:37Z,wind_speed,9.8
1783179637.875249,2026-07-04T17:40:37Z,calibrated,0.238
1783179642.668865,2026-07-04T17:40:42Z,temperature_c,16.9
1783179642.807155,2026-07-04T17:40:42Z,humidity_rel,74
1783179642.92929,2026-07-04T17:40:42Z,pressure_hpa,1016.6
1783179643.043127,2026-07-04T17:40:43Z,light_lux,20280.0
1783179643.043562,2026-07-04T17:40:43Z,calibrated,0.234
1783179643.043909,2026-07-04T17:40:43Z,raw_adc,49818
1783179643.160596,2026-07-04T17:40:43Z,wind_speed,9.8
1783179647.6835892,2026-07-04T17:40:47Z,temperature_c,16.9
1783179647.82379,2026-07-04T17:40:47Z,humidity_rel,74
1783179647.965785,2026-07-04T17:40:47Z,pressure_hpa,1016.6
1783179647.966825,2026-07-04T17:40:47Z,light_lux,20573.4
1783179647.9674938,2026-07-04T17:40:47Z,calibrated,0.234
1783179647.968086,2026-07-04T17:40:47Z,wind_speed,14.2
1783179652.5636978,2026-07-04T17:40:52Z,temperature_c,16.6
1783179652.563964,2026-07-04T17:40:52Z,humidity_rel,74.3
1783179652.5640562,2026-07-04T17:40:52Z,pressure_hpa,1016.1
1783179652.581343,2026-07-04T17:40:52Z,light_lux,19577.2
1783179652.581661,2026-07-04T17:40:52Z,calibrated,0.228
1783179652.5817401,2026-07-04T17:40:52Z,raw_adc,50724
1783179652.582166,2026-07-04T17:40:52Z,wind_speed,14.0
1783179657.581125,2026-07-04T17:40:57Z,temperature_c,17.2
1783179657.581425,2026-07-04T17:40:57Z,humidity_rel,74.2
1783179657.5817752,2026-07-04T17:40:57Z,pressure_hpa,1016.5
1783179657.582927,2026-07-04T17:40:57Z,light_lux,20929.6
1783179657.600144,2026-07-04T17:40:57Z,calibrated,0.228
1783179657.608342,2026-07-04T17:40:57Z,wind_speed,15.5
1783179662.572185,2026-07-04T17:41:02Z,temperature_c,17.0
1783179662.572682,2026-07-04T17:41:02Z,humidity_rel,73.9
1783179662.57294,2026-07-04T17:41:02Z,pressure_hpa,1016.7
1783179662.590389,2026-07-04T17:41:02Z,light_lux,21099.7
1783179662.70941,2026-07-04T17:41:02Z,wind_speed,9.8
1783179662.709835,2026-07-04T17:41:02Z,calibrated,0.237
1783179662.7101529,2026-07-04T17:41:02Z,raw_adc,50236
1783179667.57451,2026-07-04T17:41:07Z,temperature_c,16.7
1783179667.575124,2026-07-04T17:41:07Z,humidity_rel,74.0
1783179667.575511,2026-07-04T17:41:07Z,pressure_hpa,1016.4
1783179667.591052,2026-07-04T17:41:07Z,light_lux,20071.6
1783179667.5915341,2026-07-04T17:41:07Z,calibrated,0.235
1783179667.591645,2026-07-04T17:41:07Z,raw_adc,49647
1783179667.591799,2026-07-04T17:41:07Z,wind_speed,15.5
1783179672.5809028,2026-07-04T17:41:12Z,temperature_c,17.1
1783179672.581194,2026-07-04T17:41:12Z,humidity_rel,74.2
1783179672.58159,2026-07-04T17:41:12Z,pressure_hpa,1016.4
1783179672.598068,2026-07-04T17:41:12Z,light_lux,20014.7
1783179672.599545,2026-07-04T17:41:12Z,calibrated,0.233
1783179672.599652,2026-07-04T17:41:12Z,raw_adc,50430
1783179672.6005518,2026-07-04T17:41:12Z,wind_speed,15.2
1783179677.585255,2026-07-04T17:41:17Z,temperature_c,16.6
1783179677.585558,2026-07-04T17:41:17Z,humidity_rel,74.9
1783179677.585928,2026-07-04T17:41:17Z,pressure_hpa,1016.2
1783179677.6040661,2026-07-04T17:41:17Z,light_lux,20450.3
1783179677.605045,2026-07-04T17:41:17Z,wind_speed,15.3
1783179677.60521,2026-07-04T17:41:17Z,calibrated,0.229
1783179677.605302,2026-07-04T17:41:17Z,raw_adc,51005
1783179682.729026,2026-07-04T17:41:22Z,temperature_c,16.9
1783179682.853158,2026-07-04T17:41:22Z,humidity_rel,74
1783179682.984502,2026-07-04T17:41:22Z,pressure_hpa,1016.6
1783179682.985536,2026-07-04T17:41:22Z,light_lux,20689.4
1783179682.986389,2026-07-04T17:41:22Z,wind_speed,13.6
1783179682.9870238,2026-07-04T17:41:22Z,calibrated,0.229
1783179682.987222,2026-07-04T17:41:22Z,raw_adc,50304
1783179687.598652,2026-07-04T17:41:27Z,temperature_c,16.9
1783179687.5989618,2026-07-04T17:41:27Z,humidity_rel,73.3
1783179687.599348,2026-07-04T17:41:27Z,pressure_hpa,1016.7
1783179687.6181068,2026-07-04T17:41:27Z,light_lux,19603.4
1783179687.61836,2026-07-04T17:41:27Z,wind_speed,13.7
1783179687.618496,2026-07-04T17:41:27Z,calibrated,0.232
1783179687.618592,2026-07-04T17:41:27Z,raw_adc,50610
1783179692.7153869,2026-07-04T17:41:32Z,temperature_c,16.9
1783179692.869676,2026-07-04T17:41:32Z,humidity_rel,74
1783179692.988361,2026-07-04T17:41:32Z,pressure_hpa,1016.6
1783179693.1128068,2026-07-04T17:41:33Z,light_lux,20280.0
1783179693.1138859,2026-07-04T17:41:33Z,calibrated,0.232
1783179693.114634,2026-07-04T17:41:33Z,wind_speed,14.8
1783179697.731713,2026-07-04T17:41:37Z,temperature_c,16.9
1783179697.853448,2026-07-04T17:41:37Z,humidity_rel,74
1783179697.981494,2026-07-04T17:41:37Z,pressure_hpa,1016.6
1783179697.981975,2026-07-04T17:41:37Z,light_lux,20200.3
1783179697.982501,2026-07-04T17:41:37Z,calibrated,0.245
1783179697.9826932,2026-07-04T17:41:37Z,raw_adc,49878
1783179697.9829628,2026-07-04T17:41:37Z,wind_speed,15.3
1783179702.7605078,2026-07-04T17:41:42Z,temperature_c,16.9
1783179702.889385,2026-07-04T17:41:42Z,humidity_rel,74
1783179703.0363321,2026-07-04T17:41:43Z,pressure_hpa,1016.6
1783179703.1650891,2026-07-04T17:41:43Z,light_lux,20280.0
1783179703.165549,2026-07-04T17:41:43Z,calibrated,0.245
1783179703.1659992,2026-07-04T17:41:43Z,wind_speed,13.9
1783179707.636925,2026-07-04T17:41:47Z,temperature_c,17.2
1783179707.6372669,2026-07-04T17:41:47Z,humidity_rel,73.1
1783179707.637702,2026-07-04T17:41:47Z,pressure_hpa,1016.4
1783179707.7767649,2026-07-04T17:41:47Z,light_lux,20280.0
1783179707.7772532,2026-07-04T17:41:47Z,wind_speed,14.7
1783179707.7776692,2026-07-04T17:41:47Z,calibrated,0.245
1783179712.7524831,2026-07-04T17:41:52Z,temperature_c,16.9
1783179712.911247,2026-07-04T17:41:52Z,humidity_rel,74
1783179713.031157,2026-07-04T17:41:53Z,pressure_hpa,1016.6
1783179713.0314949,2026-07-04T17:41:53Z,light_lux,20898.4
1783179713.031899,2026-07-04T17:41:53Z,calibrated,0.245
1783179713.032325,2026-07-04T17:41:53Z,wind_speed,15.1
1783179718.145099,2026-07-04T17:41:58Z,temperature_c,16.9
1783179718.272785,2026-07-04T17:41:58Z,humidity_rel,74
1783179718.408331,2026-07-04T17:41:58Z,pressure_hpa,1016.6
1783179718.409388,2026-07-04T17:41:58Z,light_lux,20666.4
1783179718.4100459,2026-07-04T17:41:58Z,calibrated,0.245
1783179718.410551,2026-07-04T17:41:58Z,wind_speed,14.1
1783179722.636231,2026-07-04T17:42:02Z,temperature_c,17.1
1783179722.636587,2026-07-04T17:42:02Z,humidity_rel,73.5
1783179722.637046,2026-07-04T17:42:02Z,pressure_hpa,1016.3
1783179722.776117,2026-07-04T17:42:02Z,light_lux,20280.0
1783179722.776577,2026-07-04T17:42:02Z,calibrated,0.245
1783179722.905846,2026-07-04T17:42:02Z,wind_speed,9.8
1783179727.6643279,2026-07-04T17:42:07Z,temperature_c,16.8
1783179727.664681,2026-07-04T17:42:07Z,humidity_rel,73.1
1783179727.665111,2026-07-04T17:42:07Z,pressure_hpa,1016.2
1783179727.813507,2026-07-04T17:42:07Z,light_lux,20280.0
1783179727.814053,2026-07-04T17:42:07Z,calibrated,0.228
1783179727.8147998,2026-07-04T17:42:07Z,raw_adc,50549
1783179727.815232,2026-07-04T17:42:07Z,wind_speed,14.5
1783179732.752408,2026-07-04T17:42:12Z,temperature_c,16.8
1783179732.75352,2026-07-04T17:42:12Z,humidity_rel,73.8
1783179732.7541618,2026-07-04T17:42:12Z,pressure_hpa,1016.7
1783179732.913527,2026-07-04T17:42:12Z,light_lux,20280.0
1783179732.913953,2026-07-04T17:42:12Z,calibrated,0.233
1783179732.914217,2026-07-04T17:42:12Z,raw_adc,50146
1783179732.914403,2026-07-04T17:42:12Z,wind_speed,14.4
1783179737.6555169,2026-07-04T17:42:17Z,temperature_c,16.6
1783179737.655872,2026-07-04T17:42:17Z,humidity_rel,73.9
1783179737.6562119,2026-07-04T17:42:17Z,pressure_hpa,1016.2
1783179737.783527,2026-07-04T17:42:17Z,light_lux,20280.0
1783179737.784029,2026-07-04T17:42:17Z,calibrated,0.233
1783179737.7843142,2026-07-04T17:42:17Z,wind_speed,14.5
1783179742.6724322,2026-07-04T17:42:22Z,temperature_c,17.2
1783179742.672844,2026-07-04T17:42:22Z,humidity_rel,73.7
1783179742.6732538,2026-07-04T17:42:22Z,pressure_hpa,1016.3
1783179742.85855,2026-07-04T17:42:22Z,light_lux,20280.0
1783179742.8589709,2026-07-04T17:42:22Z,calibrated,0.233
1783179742.859227,2026-07-04T17:42:22Z,raw_adc,50471
1783179742.8594298,2026-07-04T17:42:22Z,wind_speed,15.3
1783179747.663502,2026-07-04T17:42:27Z,temperature_c,16.9
1783179747.663906,2026-07-04T17:42:27Z,humidity_rel,74.3
1783179747.664211,2026-07-04T17:42:27Z,pressure_hpa,1016.6
1783179747.681916,2026-07-04T17:42:27Z,light_lux,20895.9
1783179747.682345,2026-07-04T17:42:27Z,calibrated,0.233
1783179747.682774,2026-07-04T17:42:27Z,wind_speed,14.5
1783179752.668726,2026-07-04T17:42:32Z,temperature_c,17.2
1783179752.66902,2026-07-04T17:42:32Z,humidity_rel,73.2
1783179752.669313,2026-07-04T17:42:32Z,pressure_hpa,1016.3
1783179752.685332,2026-07-04T17:42:32Z,light_lux,20145.8
1783179752.686101,2026-07-04T17:42:32Z,wind_speed,15.3
1783179752.6862369,2026-07-04T17:42:32Z,calibrated,0.236
1783179752.686305,2026-07-04T17:42:32Z,raw_adc,50303
1783179757.6884632,2026-07-04T17:42:37Z,temperature_c,17.1
1783179757.688788,2026-07-04T17:42:37Z,humidity_rel,74.6
1783179757.6890728,2026-07-04T17:42:37Z,pressure_hpa,1016.9
1783179757.8325188,2026-07-04T17:42:37Z,light_lux,20280.0
1783179757.8329961,2026-07-04T17:42:37Z,calibrated,0.235
1783179757.833228,2026-07-04T17:42:37Z,raw_adc,50378
1783179757.833482,2026-07-04T17:42:37Z,wind_speed,14.2
1783179762.70386,2026-07-04T17:42:42Z,temperature_c,16.6
1783179762.7050729,2026-07-04T17:42:42Z,humidity_rel,74.7
1783179762.706371,2026-07-04T17:42:42Z,pressure_hpa,1016.4
1783182120.9318862,2026-07-04T18:22:00Z,temperature_c,16.5
1783182120.933751,2026-07-04T18:22:00Z,humidity_rel,76.5
1783182120.933882,2026-07-04T18:22:00Z,pressure_hpa,1016.1
1783182120.949661,2026-07-04T18:22:00Z,light_lux,9564.6
1783182120.9502149,2026-07-04T18:22:00Z,wind_speed,10.9
1783182120.95053,2026-07-04T18:22:00Z,calibrated,0.233
1783182120.950631,2026-07-04T18:22:00Z,raw_adc,49863
1783182126.081459,2026-07-04T18:22:06Z,temperature_c,16.7
1783182126.1943018,2026-07-04T18:22:06Z,humidity_rel,76
1783182126.305581,2026-07-04T18:22:06Z,pressure_hpa,1016.0
1783182126.30583,2026-07-04T18:22:06Z,light_lux,8902.2
1783182126.306106,2026-07-04T18:22:06Z,calibrated,0.239
1783182126.3061771,2026-07-04T18:22:06Z,raw_adc,50122
1783182126.306292,2026-07-04T18:22:06Z,wind_speed,11.8
1783182130.939434,2026-07-04T18:22:10Z,temperature_c,16.4
1783182130.939699,2026-07-04T18:22:10Z,humidity_rel,76.0
1783182130.939967,2026-07-04T18:22:10Z,pressure_hpa,1016.3
1783182131.0778182,2026-07-04T18:22:11Z,light_lux,9240.0
1783182131.078204,2026-07-04T18:22:11Z,wind_speed,10.3
1783182131.078519,2026-07-04T18:22:11Z,calibrated,0.239
1783182135.948402,2026-07-04T18:22:15Z,temperature_c,16.7
1783182135.949594,2026-07-04T18:22:15Z,humidity_rel,75.1
1783182135.950148,2026-07-04T18:22:15Z,pressure_hpa,1015.5
1783182135.966204,2026-07-04T18:22:15Z,light_lux,9091.7
1783182135.967058,2026-07-04T18:22:15Z,calibrated,0.239
1783182135.96732,2026-07-04T18:22:15Z,wind_speed,10.2
1783182140.951849,2026-07-04T18:22:20Z,temperature_c,16.9
1783182140.952598,2026-07-04T18:22:20Z,humidity_rel,76.5
1783182140.952758,2026-07-04T18:22:20Z,pressure_hpa,1016.2
1783182140.971426,2026-07-04T18:22:20Z,light_lux,9255.8
1783182140.9721239,2026-07-04T18:22:20Z,wind_speed,10.5
1783182140.972492,2026-07-04T18:22:20Z,calibrated,0.239
1783182146.093478,2026-07-04T18:22:26Z,temperature_c,16.7
1783182146.2188091,2026-07-04T18:22:26Z,humidity_rel,76
1783182146.342866,2026-07-04T18:22:26Z,pressure_hpa,1016.0
1783182146.616373,2026-07-04T18:22:26Z,light_lux,9240.0
1783182146.617616,2026-07-04T18:22:26Z,wind_speed,10.1
1783182146.618208,2026-07-04T18:22:26Z,calibrated,0.233
1783182146.618609,2026-07-04T18:22:26Z,raw_adc,50691
1783182150.9699461,2026-07-04T18:22:30Z,temperature_c,16.6
1783182150.970998,2026-07-04T18:22:30Z,humidity_rel,76.0
1783182150.9715788,2026-07-04T18:22:30Z,pressure_hpa,1015.7
1783182151.113245,2026-07-04T18:22:31Z,light_lux,9240.0
1783182151.113549,2026-07-04T18:22:31Z,calibrated,0.245
1783182151.113771,2026-07-04T18:22:31Z,raw_adc,49439
1783182151.113927,2026-07-04T18:22:31Z,wind_speed,10.8
1783182155.977067,2026-07-04T18:22:35Z,temperature_c,16.4
1783182155.978158,2026-07-04T18:22:35Z,humidity_rel,75.1
1783182155.978987,2026-07-04T18:22:35Z,pressure_hpa,1016.4
1783182155.9956748,2026-07-04T18:22:35Z,light_lux,9276.4
1783182155.996264,2026-07-04T18:22:35Z,calibrated,0.245
1783182155.996429,2026-07-04T18:22:35Z,raw_adc,49608
1783182155.996642,2026-07-04T18:22:35Z,wind_speed,10.8
1783182160.97951,2026-07-04T18:22:40Z,temperature_c,16.7
1783182160.980705,2026-07-04T18:22:40Z,humidity_rel,76.0
1783182160.981451,2026-07-04T18:22:40Z,pressure_hpa,1015.7
1783182161.1266098,2026-07-04T18:22:41Z,light_lux,9240.0
1783182161.126982,2026-07-04T18:22:41Z,wind_speed,10.1
1783182161.1273432,2026-07-04T18:22:41Z,calibrated,0.24
1783182161.1275032,2026-07-04T18:22:41Z,raw_adc,49946
1783182165.9855459,2026-07-04T18:22:45Z,temperature_c,16.9
1783182165.986697,2026-07-04T18:22:45Z,humidity_rel,75.1
1783182165.9874282,2026-07-04T18:22:45Z,pressure_hpa,1015.7
1783182166.00418,2026-07-04T18:22:46Z,light_lux,9344.2
1783182166.004836,2026-07-04T18:22:46Z,calibrated,0.243
1783182166.005017,2026-07-04T18:22:46Z,raw_adc,49489
1783182166.005266,2026-07-04T18:22:46Z,wind_speed,11.2
1783182171.011607,2026-07-04T18:22:51Z,temperature_c,16.9
1783182171.012782,2026-07-04T18:22:51Z,humidity_rel,75.6
1783182171.0134552,2026-07-04T18:22:51Z,pressure_hpa,1015.9
1783182171.177024,2026-07-04T18:22:51Z,light_lux,9240.0
1783182171.177509,2026-07-04T18:22:51Z,calibrated,0.243
1783182171.290335,2026-07-04T18:22:51Z,wind_speed,7.4
1783182176.142326,2026-07-04T18:22:56Z,temperature_c,16.7
1783182176.275469,2026-07-04T18:22:56Z,humidity_rel,76
1783182176.404617,2026-07-04T18:22:56Z,pressure_hpa,1016.0
1783182176.40507,2026-07-04T18:22:56Z,light_lux,9171.6
1783182176.4054232,2026-07-04T18:22:56Z,calibrated,0.236
1783182176.4055521,2026-07-04T18:22:56Z,raw_adc,50169
1783182176.40576,2026-07-04T18:22:56Z,wind_speed,10.2
1783182181.1526349,2026-07-04T18:23:01Z,temperature_c,16.7
1783182181.281149,2026-07-04T18:23:01Z,humidity_rel,76
1783182181.4121878,2026-07-04T18:23:01Z,pressure_hpa,1016.0
1783182181.412628,2026-07-04T18:23:01Z,light_lux,9473.5
1783182181.547323,2026-07-04T18:23:01Z,wind_speed,7.4
1783182181.5478451,2026-07-04T18:23:01Z,calibrated,0.236
1783182186.0079648,2026-07-04T18:23:06Z,temperature_c,16.8
1783182186.0091069,2026-07-04T18:23:06Z,humidity_rel,76.5
1783182186.009825,2026-07-04T18:23:06Z,pressure_hpa,1016.0
1783182186.025248,2026-07-04T18:23:06Z,light_lux,9175.6
1783182186.025907,2026-07-04T18:23:06Z,calibrated,0.243
1783182186.026088,2026-07-04T18:23:06Z,raw_adc,49155
1783182186.026332,2026-07-04T18:23:06Z,wind_speed,10.2
